     50827,     43721,     46684,     46075,     49262,     47446,     46789,     45306,     50858,     46016,     51447,     47355,     46009,     50032,     43618,     48585,     46795,     45074,     43150,     47596,     46808,     48703,     46165,     49228,     47145,     44947,     45901,     46695,     45114,     48451,     46047,     45847,     44148,     46891,     48544,     48315,     44967,     45382,     47556,     47046,     48000,     48144,     45236,     44999,     45827,     45555,     46342,     44989,     45309,     44690,     44691,     45752,     43969,     43020,     44420,     44357,     44094,     42949,     43174,     45988,     45893,     44864,     44302,     46087,     47695,     44700,     43504,     44334,     44337,     45357,     44400,     45443,     43210,     46379,     45565,     44417,     46874,     43420,     44043,     45597,     44158,     44403,     44400,     45255,     44364,     43760,     43700,     47525,     43831,     44607,
     59499,     59167,     57646,     58113,     59637,     58663,     58666,     58881,     62557,     58206,     62847,     58453,     61037,     61848,     59737,     60551,     57853,     58725,     58541,     59354,     57892,     60367,     57873,     61409,     59857,     58249,     60036,     60534,     60101,     62111,     58352,     62246,     60228,     59282,     62975,     59767,     58099,     59042,     62517,     58680,     59767,     60542,     58553,     58517,     59033,     58621,     60438,     58988,     58149,     60918,     58180,     57672,     58340,     58825,     57621,     58082,     58072,     59201,     57716,     57235,     59437,     57342,     57383,     57601,     59385,     58976,     58516,     58395,     59522,     57187,     57866,     58596,     59997,     59558,     57665,     57647,     58899,     59221,     57440,     57824,     58198,     58717,     59198,     59525,     57830,     57741,     59711,     57063,     57030,     57075,
     56523,     58737,     56400,     58166,     58033,     60071,     56171,     60171,     62209,     56104,     58717,     57215,     57351,     59849,     58251,     61260,     56526,     57494,     56374,     57342,     56828,     57301,     55932,     60625,     56352,     56452,     56217,     58208,     57797,     59281,     56031,     57197,     56767,     57754,     59241,     57404,     57382,     61029,     60185,     57678,     56387,     56967,     58904,     56767,     56983,     56452,     58478,     57645,     56238,     56167,     59716,     56288,     56379,     56582,     55705,     55446,     57397,     55725,     56634,     54961,     55309,     55387,     57148,     55034,     56947,     55577,     55860,     55296,     56894,     55159,     55252,     57158,     55202,     58283,     55478,     58234,     55579,     57354,     55367,     56358,     55756,     56111,     56704,     55578,     56717,     56888,     59175,     55037,     56920,     55143,
     58193,     60516,     59943,     60240,     58768,     60093,     58582,     58558,     61986,     63779,     60885,     60213,     59627,     65621,     58947,     61358,     58216,     61325,     57217,     60690,     58221,     59343,     59449,     62836,     60543,     60073,     58471,     63555,     59317,     61948,     58730,     60533,     57550,     63543,     64660,     60191,     58774,     61180,     62256,     59299,     60122,     59658,     59597,     59937,     59912,     59775,     59635,     58907,     59647,     59138,     59982,     60259,     58040,     59824,     57778,     58139,     57826,     58082,     58021,     58907,     58826,     58837,     58661,     61085,     60218,     58128,     58692,     60637,     58157,     59280,     58192,     60770,     59053,     58267,     58715,     60055,     59678,     58224,     58278,     58071,     60848,     58927,     58090,     58046,     60010,     58461,     60890,     57969,     59318,     57942,
     58399,     56435,     56590,     57040,     59216,     58103,     56290,     58166,     62150,     57495,     58751,     57446,     55759,     61555,     56048,     59554,     55727,     57819,     54712,     58914,     56198,     58663,     57410,     59845,     55835,     56614,     58296,     59650,     56281,     59484,     57106,     59489,     55076,     58242,     65027,     59427,     56553,     56618,     57437,     58343,     57560,     57072,     57885,     56577,     56254,     57138,     57956,     58543,     56376,     56589,     56835,     55631,     56738,     55937,     55110,     55395,     55256,     56156,     58703,     57614,     55383,     59104,     55474,     55546,     57551,     56276,     57567,     55575,     57124,     55379,     56291,     58752,     57611,     55732,     55708,     55355,     57206,     55675,     55847,     56505,     57143,     56796,     56902,     57475,     57558,     57417,     57454,     55258,     56443,     57143,
     56570,     56802,     58057,     56750,     56687,     60342,     60016,     56554,     60068,     56133,     59907,     58799,     56748,     60214,     58734,     60701,     59408,     57790,     58414,     57951,     59056,     57909,     56470,     59356,     57924,     57431,     57472,     59069,     57093,     60363,     59632,     60900,     56217,     59329,     64328,     58617,     57034,     57512,     58765,     58411,     57505,     57455,     58719,     57361,     57501,     59162,     57848,     57052,     56928,     59119,     58468,     56371,     57992,     56248,     56230,     57480,     56279,     57508,     58644,     57431,     58789,     58460,     56421,     59471,     57883,     59383,     56708,     56415,     56206,     59177,     56458,     59136,     56425,     56574,     58540,     56749,     56529,     56691,     58128,     57570,     56511,     56989,     60743,     57022,     58076,     56493,     58911,     56207,     56035,     57382,
    125171,    126049,    126048,    125813,    126099,    126221,    125560,    126236,    132011,    124879,    127557,    127300,    131660,    129739,    126430,    128910,    125781,    128519,    124558,    128693,    127503,    127998,    125716,    130996,    127561,    126927,    126083,    129936,    126522,    136554,    126098,    128477,    125109,    127062,    138371,    127512,    128555,    127974,    126815,    126970,    128699,    127232,    126896,    126369,    127177,    128517,    127668,    126414,    126238,    126412,    126595,    127867,    131793,    125909,    125614,    126359,    126048,    129172,    125708,    125607,    132768,    125960,    125589,    125332,    126604,    125554,    128358,    126446,    125747,    125768,    127377,    126829,    127666,    126570,    132828,    127402,    126069,    125566,    125482,    125761,    127307,    126751,    125402,    125619,    129475,    126049,    126308,    125240,    127967,    126612,
     58634,     57666,     56943,     56278,     62878,     56931,     56728,     57176,     62276,     57536,     58388,     56816,     55976,     61405,     56489,     58860,     57823,     58979,     56059,     57300,     56116,     58843,     56761,     59563,     56462,     56432,     55722,     60408,     58128,     59197,     57151,     60260,     55109,     56651,     58990,     60683,     58995,     59511,     56348,     57848,     57070,     59241,     56504,     58783,     57480,     56094,     57866,     56283,     55997,     56321,     56054,     56394,     55890,     56986,     59431,     56417,     57691,     55540,     56148,     55947,     55481,     58378,     56916,     56238,     56930,     55605,     55755,     60016,     56850,     56849,     55735,     57802,     55581,     55794,     57216,     57119,     58016,     56299,     56296,     55584,     59151,     56527,     55504,     55589,     57593,     55928,     56174,     56591,     56890,     55842,
     58285,     58256,     57475,     57308,     58871,     57199,     57146,     58082,     61008,     56962,     63807,     57878,     56394,     60529,     61601,     59967,     55935,     57066,     54903,     60916,     57070,     58481,     56936,     59725,     56472,     60786,     57542,     59262,     56687,     62243,     57150,     61292,     58819,     62107,     60257,     57843,     57279,     59025,     59056,     57120,     56790,     57980,     56814,     60396,     57090,     57512,     59676,     56675,     57232,     57602,     57456,     58472,     55695,     56807,     55883,     56143,     56642,     59358,     56942,     56636,     56707,     55908,     57745,     58592,     57026,     56957,     57248,     58567,     56839,     57864,     56328,     59612,     57031,     56282,     56386,     58528,     56241,     56801,     56907,     57701,     57672,     57499,     59213,     56087,     58940,     57361,     56649,     56618,     58279,     56588,
    120583,    121377,    121195,    122846,    120957,    121485,    120445,    121308,    124511,    122117,    125849,    123088,    120738,    125994,    123402,    123636,    120547,    123567,    119515,    124091,    121035,    122038,    120623,    125267,    121230,    122396,    120798,    125279,    121284,    126085,    121209,    124633,    120523,    121820,    124216,    122724,    123185,    121679,    121845,    121545,    121487,    122203,    123982,    121759,    121709,    121442,    122014,    121677,    121158,    121557,    122359,    124072,    122444,    120383,    120565,    120616,    120539,    120811,    120761,    120500,    122020,    122855,    120654,    122457,    120879,    120777,    122357,    120585,    120939,    120593,    122578,    121611,    121072,    121202,    122402,    122467,    120713,    120910,    120555,    122303,    120580,    120853,    120353,    121643,    121543,    121114,    121460,    124235,    120200,    120720,
     59107,     59309,     57500,     57616,     59370,     57949,     59356,     58923,     61050,     57044,     63025,     57670,     57469,     62263,     59086,     59826,     56841,     57991,     56161,     60021,     57201,     57767,     58780,     61454,     57389,     57609,     58423,     59352,     60036,     61014,     57476,     58702,     59066,     58221,     64985,     61109,     57878,     58426,     59778,     59447,     57824,     58381,     58590,     57808,     58012,     60209,     59943,     57501,     57117,     57378,     57385,     56878,     56616,     58541,     56574,     56762,     56915,     56930,     56910,     56666,     60112,     56936,     56698,     58581,     58333,     56930,     57161,     57773,     57368,     58626,     57350,     59263,     56916,     59361,     57246,     58447,     56917,     56895,     56803,     57306,     58549,     59158,     57146,     57050,     60984,     57179,     57425,     56530,     58251,     56640,
    132951,    131796,    131829,    131193,    131479,    133556,    131263,    132332,    137772,    132263,    137837,    134783,    131959,    134688,    133298,    134694,    131485,    132393,    131906,    132797,    131828,    134052,    131489,    135787,    132019,    134796,    131475,    134778,    132214,    134945,    132699,    132360,    130792,    134023,    134414,    133204,    137477,    134171,    132180,    132451,    132151,    132482,    132266,    132773,    132399,    132297,    132903,    134565,    131857,    131981,    131703,    131934,    131099,    131326,    133231,    131586,    131276,    131493,    131277,    131419,    131425,    133487,    131274,    131262,    131529,    133094,    133970,    131673,    131320,    131457,    133265,    132300,    131439,    133004,    133439,    131690,    131394,    133651,    132983,    131277,    131767,    132289,    132819,    131419,    131662,    134358,    133333,    131760,    131336,    131514,
   2606041,   2606098,   2605228,   2604632,   2606534,   2605359,   2605108,   2604067,   2608508,   2605511,   2609271,   2605056,   2605657,   2609494,   2607250,   2609393,   2604566,   2606873,   2604023,   2605250,   2604608,   2609005,   2603175,   2609526,   2604958,   2605149,   2606513,   2607139,   2604953,   2608229,   2606348,   2606171,   2603791,   2605698,   2607856,   2608351,   2606135,   2605701,   2604237,   2605615,   2604438,   2606642,   2605075,   2606887,   2605549,   2604612,   2607852,   2606380,   2604630,   2605116,   2605921,   2605379,   2605416,   2605024,   2603161,   2603349,   2602932,   2604147,   2604118,   2605714,   2606155,   2605699,   2603865,   2606998,   2604622,   2604379,   2604655,   2603777,   2605870,   2604087,   2604042,   2605785,   2608141,   2603548,   2604395,   2606580,   2605413,   2605244,   2605327,   2604087,   2605451,   2606411,   2604369,   2605967,   2606354,   2604641,   2604977,   2604343,   2604656,   2604185,
     66124,     66712,     66742,     68254,     66592,     67552,     70205,     66509,     72009,     66209,     68317,     66489,     67740,     69732,     66925,     68669,     65628,     69494,     66758,     67161,     66051,     67154,     65566,     71249,     66148,     66498,     66049,     69908,     66888,     69392,     68275,     66929,     67952,     70824,     69396,     70353,     66894,     68481,     67162,     67087,     68229,     66948,     66652,     66535,     68476,     66294,     66941,     66330,     67739,     66353,     67168,     66212,     65599,     65657,     66680,     66319,     67839,     65712,     65701,     65585,     67062,     66540,     65888,     66302,     65908,     67812,     66068,     65590,     66676,     69603,     65871,     66230,     65747,     67496,     65946,     65561,     65719,     67840,     65898,     65607,     66219,     65917,     67310,     65798,     65765,     65819,     68056,     65631,     65348,     65463,
    157154,    160048,    157776,    157504,    158266,    161080,    160267,    157994,    162311,    158120,    162272,    158894,    158250,    160847,    159435,    160186,    159071,    158431,    157732,    158504,    157291,    159649,    157065,    161688,    157254,    158408,    157190,    159381,    157495,    162211,    158471,    158048,    156639,    162683,    160432,    158814,    157313,    157762,    157687,    159438,    158434,    159660,    158110,    157612,    157786,    160096,    158378,    157586,    157286,    157226,    157597,    158162,    157718,    156837,    156977,    156698,    158821,    157320,    156753,    156517,    156695,    156849,    156744,    157410,    158361,    156926,    157109,    156545,    158573,    156774,    157370,    160439,    159463,    157204,    157170,    157041,    156741,    158218,    156624,    157132,    157928,    158554,    158887,    157680,    157313,    159987,    158453,    156397,    157193,    156618,
   2314366,   2314303,   2313303,   2312110,   2316346,   2314805,   2314223,   2313225,   2315972,   2314287,   2316749,   2314642,   2312673,   2317336,   2312524,   2314745,   2312525,   2314127,   2311387,   2313676,   2312826,   2314557,   2314158,   2316000,   2312543,   2312145,   2315004,   2316523,   2313566,   2315620,   2314766,   2313870,   2310804,   2313091,   2315612,   2314153,   2313521,   2312796,   2314500,   2314059,   2313629,   2315373,   2314327,   2313528,   2314167,   2312908,   2315042,   2313443,   2312464,   2316191,   2312494,   2312552,   2311792,   2312044,   2311845,   2312006,   2311834,   2312136,   2314465,   2312111,   2312364,   2313567,   2313639,   2314134,   2312095,   2311467,   2314903,   2312613,   2312719,   2312424,   2312557,   2312359,   2312142,   2313100,   2312357,   2313271,   2311805,   2312055,   2313474,   2315554,   2312087,   2313310,   2311625,   2314445,   2312285,   2314904,   2312626,   2313391,   2311585,   2313089,
    143956,    136996,    144847,    145151,    136652,    145310,    143140,    142646,    143478,    144629,    137750,    144110,    146112,    148420,    142273,    145049,    135560,    145151,    134658,    143781,    136147,    141169,    141698,    145551,    136161,    136238,    142683,    146955,    136839,    147904,    142131,    144479,    144015,    144785,    138727,    143571,    143779,    142730,    136356,    144628,    142482,    142905,    142699,    142608,    138657,    142268,    137160,    142678,    143883,    143295,    135818,    143009,    141338,    141291,    141817,    143985,    141527,    141812,    141578,    135312,    136767,    135302,    141715,    135431,    142212,    143443,    142869,    141297,    135433,    146479,    135731,    141993,    135472,    137240,    141837,    135290,    142002,    137313,    141215,    135661,    136148,    144872,    142544,    138108,    143297,    143612,    142044,    141329,    142029,    144214,
    141019,    142612,    141334,    142000,    141610,    144456,    140737,    140771,    144371,    144836,    145212,    143122,    140773,    143981,    141135,    145208,    140767,    141904,    140423,    144533,    140851,    141868,    140087,    145322,    140896,    143182,    140617,    142800,    140689,    145721,    140399,    141514,    139597,    141417,    145615,    142359,    141141,    143183,    142922,    141488,    141124,    141672,    141511,    142390,    143452,    141904,    142206,    140944,    140627,    143014,    140593,    141299,    140003,    140074,    139966,    134330,    140008,    140269,    140230,    140173,    140244,    143098,    139995,    141690,    140299,    140249,    140667,    140932,    140399,    140855,    140599,    140702,    142728,    142278,    140720,    140173,    140522,    140195,    141975,    140866,    142413,    140893,    135892,    141115,    140755,    140461,    142425,    142314,    139816,    140148,
    211452,    211717,    212843,    214060,    211579,    211772,    212747,    211229,    217038,    213921,    213605,    212775,    212388,    214377,    211206,    213933,    213514,    212108,    209708,    212145,    210754,    213327,    212165,    212999,    210704,    214528,    210644,    214817,    211080,    214186,    212480,    211899,    212069,    211337,    215502,    214735,    211088,    211182,    211242,    211151,    211973,    211383,    211215,    211215,    211268,    210910,    211945,    210997,    212819,    211366,    211988,    210532,    210299,    210198,    210586,    210375,    210127,    210151,    211571,    210480,    211890,    210252,    212189,    210015,    210921,    210276,    212099,    210906,    210775,    210171,    210735,    212505,    210258,    212388,    211523,    211726,    210208,    210355,    209966,    211240,    209962,    211000,    210776,    212777,    210598,    212330,    210768,    210066,    211482,    210088,
    214797,    215265,    217161,    216871,    215305,    215736,    214788,    216004,    220672,    216930,    217608,    217030,    217097,    220269,    215252,    217390,    214810,    215714,    215269,    216127,    215146,    215561,    215796,    217583,    215077,    216365,    216974,    217655,    217166,    218205,    216290,    215750,    214052,    215516,    220054,    218430,    216053,    215482,    215679,    217887,    216285,    216311,    215540,    215295,    215567,    215482,    216161,    216386,    215176,    217467,    215435,    214888,    214686,    214639,    216726,    214503,    213899,    214434,    214357,    214324,    215958,    215391,    215052,    214718,    216319,    216571,    214901,    214763,    215577,    214660,    214826,    215893,    215946,    216377,    214902,    214741,    214643,    216318,    214457,    216545,    214357,    216602,    214393,    214535,    214769,    214721,    216572,    214268,    214312,    214330,
    198596,    199228,    198887,    200873,    199761,    201449,    197974,    200499,    204334,    199723,    201171,    199115,    198329,    205571,    198790,    200921,    198081,    198704,    198465,    200065,    200251,    199227,    199988,    200954,    198537,    200649,    198181,    200600,    200430,    202159,    201189,    198894,    199101,    201307,    201215,    200561,    198365,    198940,    200611,    198824,    198734,    199178,    198741,    198693,    198705,    198315,    201279,    198380,    198247,    198574,    198877,    198466,    197425,    198915,    198444,    199419,    199548,    198056,    199836,    197605,    197697,    197965,    197940,    199304,    197921,    197804,    198716,    199892,    197804,    199757,    198112,    200169,    197773,    198062,    198475,    199730,    198120,    197927,    197707,    200197,    200697,    200544,    197571,    198719,    198239,    198181,    198415,    198931,    197423,    197666,
    197800,    198149,    199424,    198021,    199191,    200596,    199216,    197984,    203514,    197562,    200108,    200110,    198525,    201623,    198795,    200986,    199834,    198894,    199254,    199589,    201051,    199146,    197845,    201157,    198690,    211565,    198219,    211091,    198824,    206228,    198445,    200105,    197439,    209554,    213793,    200142,    210755,    198980,    211553,    209613,    209538,    210018,    198882,    201244,    209669,    198753,    199137,    199465,    210191,    209572,    199796,    210164,    208407,    198506,    200520,    198406,    198014,    200061,    198129,    208817,    208611,    200357,    197991,    208534,    208498,    198864,    199579,    209920,    197955,    208513,    199022,    198612,    199147,    198212,    199754,    197818,    197868,    197989,    199479,    200014,    197749,    202049,    198564,    208970,    198771,    208868,    198461,    209975,    197811,    197784,
   2704559,   2707923,   2705652,   2705299,   2704908,   2704444,   2706743,   2704842,   2711140,   2704511,   2709263,   2707090,   2707599,   2709201,   2706433,   2709986,   2704345,   2706008,   2703817,   2708777,   2704274,   2706562,   2704816,   2708622,   2706959,   2708893,   2705959,   2707890,   2705943,   2710439,   2706174,   2707319,   2703953,   2708477,   2710170,   2707911,   2707581,   2708115,   2706460,   2706527,   2706846,   2706960,   2705064,   2705977,   2706274,   2706258,   2706968,   2707144,   2705919,   2706048,   2705890,   2706400,   2705247,   2705188,   2705132,   2705542,   2706188,   2704224,   2707279,   2705238,   2705011,   2708043,   2704835,   2705343,   2705399,   2707049,   2705902,   2705706,   2705017,   2706960,   2705115,   2706600,   2706737,   2705103,   2708264,   2705369,   2704614,   2705170,   2707847,   2704858,   2705535,   2706978,   2708310,   2705946,   2707884,   2705719,   2707786,   2705467,   2705746,   2705324,